{"cameraMode":{"drawMode":0,"name":"Shaded","section":"Shading Mode"},"sceneLighting":false,"audioPlay":false,"sceneViewState":{"m_AlwaysRefresh":false,"showFog":true,"showSkybox":true,"showFlares":true,"showImageEffects":true,"showParticleSystems":true,"showVisualEffectGraphs":true,"m_FxEnabled":true},"in2DMode":false,"pivot":{"x":-2.683831214904785,"y":0.6225259900093079,"z":-8.494428634643555},"rotation":{"x":0.03145338222384453,"y":0.14787501096725465,"z":-0.004709441680461168,"w":0.9884883165359497},"size":0.13487772643566132,"orthographic":false}