{"cameraMode":{"drawMode":0,"name":"Shaded","section":"Shading Mode"},"sceneLighting":false,"audioPlay":false,"sceneViewState":{"m_AlwaysRefresh":false,"showFog":true,"showSkybox":true,"showFlares":true,"showImageEffects":true,"showParticleSystems":true,"showVisualEffectGraphs":true,"m_FxEnabled":true},"in2DMode":false,"pivot":{"x":0.09650325775146485,"y":-0.02020817995071411,"z":0.3552784323692322},"rotation":{"x":0.12636065483093263,"y":0.752184271812439,"z":-0.1511518657207489,"w":0.6288145780563355},"size":0.9106041789054871,"orthographic":false}